timestamps,open,high,low,close,volume,amount
2025-04-15 20:30:25.025360,442.37,445.4,441.87,441.87,74166,1237068
2025-04-16 20:30:25.025360,445.26,447.03,443.97,446.86,52861,6024592
2025-04-17 20:30:25.025360,447.28,452.83,442.09,448.23,54298,2604243
2025-04-18 20:30:25.025360,453.4,457.69,453.4,457.57,52221,1851161
2025-04-19 20:30:25.025360,450.33,456.5,448.95,456.5,49942,5772945
2025-04-20 20:30:25.025360,442.63,453.3,439.89,445.35,8453,2638846
2025-04-21 20:30:25.025360,446.16,457.82,439.85,443.19,59935,5230987
2025-04-22 20:30:25.025360,439.59,439.59,437.2,439.15,48370,8870907
2025-04-23 20:30:25.025360,421.91,426.02,419.75,419.75,13328,9713542
2025-04-24 20:30:25.025360,428.87,431.59,423.44,430.03,20534,2802466
2025-04-25 20:30:25.025360,434.45,438.75,432.53,435.68,90280,3382865
2025-04-26 20:30:25.025360,422.73,426.66,419.18,425.45,89925,1464310
2025-04-27 20:30:25.025360,420.63,423.87,413.59,422.26,41320,4714755
2025-04-28 20:30:25.025360,418.4,420.15,412.06,420.15,54170,9945850
2025-04-29 20:30:25.025360,413.55,417.63,410.73,410.73,85201,4127640
2025-04-30 20:30:25.025360,404.36,404.36,394.63,400.4,13640,5303677
2025-05-01 20:30:25.025360,399.92,400.41,392.05,395.24,96057,5098535
2025-05-02 20:30:25.025360,402.35,403.98,398.37,402.27,35049,5753292
2025-05-03 20:30:25.025360,414.78,424.13,412.55,412.55,10618,7227952
2025-05-04 20:30:25.025360,417.86,422.82,411.1,418.99,61053,6673938
2025-05-05 20:30:25.025360,417.92,426.58,417.92,420.73,6920,9009292
2025-05-06 20:30:25.025360,417.58,425.34,412.69,415.02,48937,6108728
2025-05-07 20:30:25.025360,407.8,413.9,407.8,412.17,74724,6060795
2025-05-08 20:30:25.025360,418.63,427.07,418.05,419.63,17207,6769049
2025-05-09 20:30:25.025360,420.99,428.53,419.95,423.65,70774,1919134
2025-05-10 20:30:25.025360,414.66,420.24,414.66,415.69,37972,2855797
2025-05-11 20:30:25.025360,413.34,415.0,405.98,409.93,15799,7379515
2025-05-12 20:30:25.025360,408.57,413.22,406.34,413.22,76088,9078886
2025-05-13 20:30:25.025360,408.38,410.01,407.28,407.28,33916,5636440
2025-05-14 20:30:25.025360,413.68,413.68,406.42,406.42,75463,7489759
2025-05-15 20:30:25.025360,403.53,412.41,403.53,408.29,98500,9899770
2025-05-16 20:30:25.025360,409.09,412.58,397.64,408.4,81700,3570725
2025-05-17 20:30:25.025360,401.08,403.96,401.08,403.96,42158,3426277
2025-05-18 20:30:25.025360,407.51,411.54,405.06,407.39,89607,8200987
2025-05-19 20:30:25.025360,427.97,427.97,423.03,426.01,76696,6324852
2025-05-20 20:30:25.025360,436.67,436.67,432.73,436.32,66510,6580509
2025-05-21 20:30:25.025360,437.59,443.11,431.13,435.42,63692,2317621
2025-05-22 20:30:25.025360,440.34,443.61,440.19,443.61,66744,7408929
2025-05-23 20:30:25.025360,440.82,440.82,433.02,435.37,20810,4637967
2025-05-24 20:30:25.025360,421.74,430.03,421.74,429.72,10126,3367893
2025-05-25 20:30:25.025360,428.47,440.31,428.47,434.07,35009,6766140
2025-05-26 20:30:25.025360,427.8,428.45,423.27,424.6,95932,6053127
2025-05-27 20:30:25.025360,419.29,423.95,415.36,420.2,5192,1739574
2025-05-28 20:30:25.025360,414.82,415.13,412.12,412.12,41413,5071495
2025-05-29 20:30:25.025360,410.27,410.27,406.16,407.45,17816,1325437
2025-05-30 20:30:25.025360,407.84,408.44,404.65,408.22,44082,3091013
2025-05-31 20:30:25.025360,412.1,415.19,408.06,409.69,70048,4681890
2025-06-01 20:30:25.025360,416.35,422.8,416.33,419.81,55940,6991305
2025-06-02 20:30:25.025360,424.69,428.14,416.81,423.88,37130,1872834
2025-06-03 20:30:25.025360,427.8,431.52,426.23,427.87,45142,5637370
2025-06-04 20:30:25.025360,426.69,434.02,426.43,426.43,41468,7626379
2025-06-05 20:30:25.025360,424.75,424.76,423.17,423.9,35698,6887774
2025-06-06 20:30:25.025360,416.48,423.01,409.65,415.18,15655,8352132
2025-06-07 20:30:25.025360,416.78,422.51,414.01,421.17,52897,2032499
2025-06-08 20:30:25.025360,421.28,421.61,414.57,414.57,35075,4820888
2025-06-09 20:30:25.025360,417.59,423.31,417.12,418.19,14359,8730302
2025-06-10 20:30:25.025360,427.85,428.59,422.76,422.76,47056,8534504
2025-06-11 20:30:25.025360,419.82,426.19,417.39,419.9,56831,3331348
2025-06-12 20:30:25.025360,428.62,429.42,422.86,422.86,64191,7565269
2025-06-13 20:30:25.025360,426.52,430.19,424.93,424.93,38272,8199107
2025-06-14 20:30:25.025360,416.86,425.13,416.86,424.17,19671,3806284
2025-06-15 20:30:25.025360,423.51,426.45,417.57,420.62,32048,7572531
2025-06-16 20:30:25.025360,425.9,432.9,423.77,426.85,81274,2141452
2025-06-17 20:30:25.025360,429.63,434.1,428.24,434.1,30963,7816080
2025-06-18 20:30:25.025360,443.13,444.71,440.59,442.28,48954,6550560
2025-06-19 20:30:25.025360,445.04,451.36,439.63,450.26,77309,2230796
2025-06-20 20:30:25.025360,470.86,470.86,457.6,468.29,5717,1113936
2025-06-21 20:30:25.025360,464.79,464.79,462.36,463.57,16676,5210583
2025-06-22 20:30:25.025360,460.42,462.44,458.6,462.44,9434,8539769
2025-06-23 20:30:25.025360,457.98,463.7,456.29,463.7,54810,5280428
2025-06-24 20:30:25.025360,451.2,451.2,448.88,448.88,99636,3433351
2025-06-25 20:30:25.025360,458.26,461.03,455.93,456.92,9994,3189063
2025-06-26 20:30:25.025360,465.68,467.32,461.84,467.32,9234,3819182
2025-06-27 20:30:25.025360,462.69,469.53,461.78,466.61,74300,1447244
2025-06-28 20:30:25.025360,460.32,463.72,459.17,463.72,48949,7252016
2025-06-29 20:30:25.025360,452.39,453.27,446.65,448.15,42405,9471414
2025-06-30 20:30:25.025360,448.94,449.61,434.27,449.61,39872,2278673
2025-07-01 20:30:25.025360,453.56,453.56,449.67,449.67,47215,6168638
2025-07-02 20:30:25.025360,450.36,450.8,449.49,450.61,28185,5115741
2025-07-03 20:30:25.025360,446.44,449.55,445.83,447.19,48442,7778892
2025-07-04 20:30:25.025360,452.04,452.04,442.96,449.15,56759,4457521
2025-07-05 20:30:25.025360,456.76,464.25,456.02,456.02,46153,5684013
2025-07-06 20:30:25.025360,459.39,470.96,457.25,457.25,82535,6044829
2025-07-07 20:30:25.025360,467.18,477.31,457.81,463.96,7581,6683860
2025-07-08 20:30:25.025360,474.51,477.69,469.95,469.95,56717,3438710
2025-07-09 20:30:25.025360,474.22,476.96,472.35,472.35,7763,9887120
2025-07-10 20:30:25.025360,475.05,477.53,463.58,472.57,97910,1767442
2025-07-11 20:30:25.025360,481.2,481.21,469.66,471.82,60480,8936627
2025-07-12 20:30:25.025360,475.47,478.38,471.6,478.38,43759,9863886
2025-07-13 20:30:25.025360,473.13,477.23,468.43,468.43,81067,2930440
2025-07-14 20:30:25.025360,482.19,488.72,482.19,483.34,30307,9768201
2025-07-15 20:30:25.025360,483.98,483.98,474.93,481.69,16064,1494955
2025-07-16 20:30:25.025360,465.34,465.62,462.82,464.33,81848,6478878
2025-07-17 20:30:25.025360,468.95,469.99,462.71,465.62,42548,6679487
2025-07-18 20:30:25.025360,465.53,467.87,462.93,467.87,41945,5840349
2025-07-19 20:30:25.025360,457.66,470.67,457.66,461.92,52937,2626528
2025-07-20 20:30:25.025360,465.46,469.28,462.0,467.25,11476,7096696
2025-07-21 20:30:25.025360,461.42,465.3,460.59,462.2,56756,3914611
2025-07-22 20:30:25.025360,464.41,467.7,463.23,465.89,95101,2308014
2025-07-23 20:30:25.025360,452.31,455.42,446.67,455.42,7382,3247680
2025-07-24 20:30:25.025360,447.66,447.66,442.37,445.27,54683,7589154
2025-07-25 20:30:25.025360,453.48,457.56,448.93,455.95,92999,3821839
2025-07-26 20:30:25.025360,450.32,460.52,450.32,457.85,50276,1298783
2025-07-27 20:30:25.025360,444.94,447.51,442.89,442.89,38402,4602571
2025-07-28 20:30:25.025360,443.45,443.45,432.94,432.94,96881,9340960
2025-07-29 20:30:25.025360,430.98,438.45,430.04,431.96,31946,4879928
2025-07-30 20:30:25.025360,432.39,435.63,432.15,434.43,84698,8039879
2025-07-31 20:30:25.025360,433.54,433.54,426.81,426.81,78933,3115226
2025-08-01 20:30:25.025360,426.95,429.97,422.56,427.12,27335,7962365
2025-08-02 20:30:25.025360,426.4,427.38,425.58,427.38,50095,2340683
2025-08-03 20:30:25.025360,430.16,430.67,424.33,424.33,84930,4630400
2025-08-04 20:30:25.025360,428.3,433.9,423.6,425.76,32197,6994602
2025-08-05 20:30:25.025360,421.88,426.7,421.88,423.46,27010,3854119
2025-08-06 20:30:25.025360,419.01,423.34,417.46,421.46,29123,3673705
2025-08-07 20:30:25.025360,428.21,431.35,422.06,422.63,92923,7307517
2025-08-08 20:30:25.025360,424.76,428.33,418.81,422.68,7890,4597170
2025-08-09 20:30:25.025360,429.71,433.99,427.06,433.09,98305,4305610
2025-08-10 20:30:25.025360,422.17,424.77,414.63,422.14,13026,9841830
2025-08-11 20:30:25.025360,419.32,420.7,416.24,416.24,69925,3088618
2025-08-12 20:30:25.025360,428.14,428.14,421.24,422.69,73842,8596537
2025-08-13 20:30:25.025360,419.02,423.32,412.21,419.05,38665,7922972
2025-08-14 20:30:25.025360,425.65,428.02,421.84,427.02,14277,5400852
2025-08-15 20:30:25.025360,435.93,436.75,433.88,435.77,47239,7759991
2025-08-16 20:30:25.025360,448.04,450.23,442.24,444.2,52664,3593157
2025-08-17 20:30:25.025360,438.74,445.65,438.56,438.56,53008,8058021
2025-08-18 20:30:25.025360,442.63,447.99,435.38,439.43,19683,7119922
2025-08-19 20:30:25.025360,432.64,441.59,432.64,438.46,5670,6575477
2025-08-20 20:30:25.025360,443.53,450.94,439.68,441.84,94211,7919879
2025-08-21 20:30:25.025360,457.22,462.86,452.79,456.68,22889,8759080
2025-08-22 20:30:25.025360,464.96,465.29,458.18,465.29,60612,7662064
2025-08-23 20:30:25.025360,460.43,468.3,460.35,463.08,49535,1217314
2025-08-24 20:30:25.025360,456.57,462.79,456.57,459.17,83542,3635122
2025-08-25 20:30:25.025360,464.15,465.55,461.74,461.74,59319,6728394
2025-08-26 20:30:25.025360,453.97,460.14,453.97,460.14,97067,1748692
2025-08-27 20:30:25.025360,460.11,465.47,457.76,457.76,26639,3382962
2025-08-28 20:30:25.025360,454.39,461.38,453.06,456.34,69712,4466689
2025-08-29 20:30:25.025360,455.86,469.21,455.4,460.35,21633,2614694
2025-08-30 20:30:25.025360,459.85,461.14,457.1,457.47,39660,9970512
2025-08-31 20:30:25.025360,455.22,455.85,450.28,454.98,73975,5465669
2025-09-01 20:30:25.025360,452.22,454.86,445.66,445.66,37172,4881143
2025-09-02 20:30:25.025360,443.49,449.65,443.49,448.35,64197,5911077
2025-09-03 20:30:25.025360,449.29,452.99,449.29,452.99,63847,2945537
2025-09-04 20:30:25.025360,460.13,464.26,456.45,456.45,16577,8941238
2025-09-05 20:30:25.025360,460.97,469.91,460.4,462.46,82299,9466724
2025-09-06 20:30:25.025360,472.23,479.45,472.23,472.71,25176,9772978
2025-09-07 20:30:25.025360,491.21,500.17,489.91,492.65,49386,4374659
2025-09-08 20:30:25.025360,489.46,500.46,488.85,489.08,68972,1519385
2025-09-09 20:30:25.025360,486.16,491.35,482.2,483.84,94791,2572138
2025-09-10 20:30:25.025360,477.98,480.87,470.78,476.36,46003,6180703
2025-09-11 20:30:25.025360,484.57,489.27,480.69,487.02,24996,1226256
2025-09-12 20:30:25.025360,497.97,498.38,495.03,498.38,91598,7853878
2025-09-13 20:30:25.025360,489.85,492.05,488.61,488.61,40931,9809147
2025-09-14 20:30:25.025360,495.32,500.35,493.62,500.35,40710,8849453
2025-09-15 20:30:25.025360,510.79,510.79,495.27,499.53,39693,7494290
2025-09-16 20:30:25.025360,503.47,506.45,503.47,504.85,40740,4373307
2025-09-17 20:30:25.025360,516.57,517.88,508.88,512.8,82241,1550242
2025-09-18 20:30:25.025360,507.77,519.09,507.77,514.1,98583,8001837
2025-09-19 20:30:25.025360,500.3,510.53,500.3,502.44,81502,4497831
2025-09-20 20:30:25.025360,510.65,518.82,510.65,514.99,22374,3848439
2025-09-21 20:30:25.025360,521.32,527.65,514.93,525.39,81674,6978106
2025-09-22 20:30:25.025360,531.03,540.63,528.63,530.61,86471,9065819
2025-09-23 20:30:25.025360,523.97,525.28,521.62,524.08,50913,9333920
2025-09-24 20:30:25.025360,516.94,525.44,507.48,516.51,71025,9120766
2025-09-25 20:30:25.025360,508.77,513.09,505.04,505.04,49516,3021835
2025-09-26 20:30:25.025360,516.69,518.44,508.6,513.48,92796,7427095
2025-09-27 20:30:25.025360,527.68,533.83,525.01,525.9,31069,7078159
2025-09-28 20:30:25.025360,525.6,529.82,517.26,529.54,61233,4531674
2025-09-29 20:30:25.025360,535.92,537.75,534.22,537.01,89811,8336302
2025-09-30 20:30:25.025360,530.03,535.36,524.96,531.67,64049,7282827
2025-10-01 20:30:25.025360,532.94,534.58,528.74,530.1,44178,9739287
2025-10-02 20:30:25.025360,519.08,530.72,516.72,521.16,37821,7792566
2025-10-03 20:30:25.025360,515.12,516.83,512.44,516.83,56727,7021656
2025-10-04 20:30:25.025360,522.53,523.29,520.31,522.23,65935,7519585
2025-10-05 20:30:25.025360,519.0,525.72,517.39,517.6,21999,9132162
2025-10-06 20:30:25.025360,528.71,538.05,519.87,528.09,67522,3426105
2025-10-07 20:30:25.025360,535.47,537.43,531.12,537.43,43712,5811671
2025-10-08 20:30:25.025360,557.53,561.78,550.88,561.78,69551,7453877
2025-10-09 20:30:25.025360,560.36,562.24,550.47,562.24,45172,8547881
2025-10-10 20:30:25.025360,544.68,550.15,540.75,548.2,38722,6055769
2025-10-11 20:30:25.025360,546.59,548.31,544.26,544.26,15625,7061266
2025-10-12 20:30:25.025360,539.35,546.48,533.35,539.95,72165,9658754
2025-10-13 20:30:25.025360,550.45,552.5,548.01,552.5,81509,6574807
2025-10-14 20:30:25.025360,546.26,550.53,546.26,550.53,11859,5301828
2025-10-15 20:30:25.025360,548.62,550.18,545.94,547.41,46609,7509762
2025-10-16 20:30:25.025360,547.93,549.97,542.91,548.96,48307,1544026
2025-10-17 20:30:25.025360,558.18,560.8,547.01,550.11,26839,4942863
2025-10-18 20:30:25.025360,547.38,556.48,543.98,548.24,32216,7243490
2025-10-19 20:30:25.025360,555.05,558.56,553.86,553.86,57953,7484427
2025-10-20 20:30:25.025360,563.32,567.53,563.0,567.3,89481,8221352
2025-10-21 20:30:25.025360,558.65,567.59,558.65,565.36,65593,5472089
2025-10-22 20:30:25.025360,560.76,560.76,551.54,555.43,77075,1268449
2025-10-23 20:30:25.025360,548.45,555.74,544.28,549.47,54522,3850774
2025-10-24 20:30:25.025360,555.78,562.54,552.41,558.01,9886,8620958
2025-10-25 20:30:25.025360,562.8,562.8,548.29,557.76,12485,6583281
2025-10-26 20:30:25.025360,559.76,574.98,559.76,562.46,36455,5430675
2025-10-27 20:30:25.025360,582.32,584.94,574.16,581.11,21767,6918806
2025-10-28 20:30:25.025360,578.32,583.83,574.77,580.23,33453,9513199
2025-10-29 20:30:25.025360,579.29,580.2,571.19,571.19,81280,7822255
2025-10-30 20:30:25.025360,578.85,598.2,578.85,581.26,58442,5461213
2025-10-31 20:30:25.025360,580.8,593.19,578.84,581.24,56877,2160152
2025-11-01 20:30:25.025360,592.34,597.07,589.0,594.69,17226,7305236
2025-11-02 20:30:25.025360,606.77,608.27,602.18,604.29,98405,3365885
2025-11-03 20:30:25.025360,595.41,597.61,591.63,595.8,27588,7195196
2025-11-04 20:30:25.025360,607.26,611.04,602.41,610.07,83976,1880096
2025-11-05 20:30:25.025360,621.06,624.46,615.98,620.58,36709,3714766
2025-11-06 20:30:25.025360,618.24,621.58,601.22,609.84,52788,3924537
2025-11-07 20:30:25.025360,616.82,624.2,600.76,616.01,93031,2592173
2025-11-08 20:30:25.025360,615.52,619.09,612.56,612.56,42019,2074477
2025-11-09 20:30:25.025360,616.68,626.99,611.17,622.23,49948,2473300
2025-11-10 20:30:25.025360,622.38,636.98,622.38,622.52,70133,7759383
2025-11-11 20:30:25.025360,640.72,642.41,638.12,638.12,71458,1297584
2025-11-12 20:30:25.025360,635.56,640.8,635.56,638.87,32526,1892015
2025-11-13 20:30:25.025360,655.84,656.74,647.87,649.04,78493,9020497
2025-11-14 20:30:25.025360,670.79,670.79,662.66,664.24,57198,2651348
2025-11-15 20:30:25.025360,669.17,676.35,663.97,667.49,48395,3871259
2025-11-16 20:30:25.025360,667.31,681.68,665.97,668.25,29031,9270562
2025-11-17 20:30:25.025360,659.48,664.17,652.68,652.68,80542,1854741
2025-11-18 20:30:25.025360,648.64,650.53,642.16,649.81,42701,4352214
2025-11-19 20:30:25.025360,650.41,650.41,643.3,647.11,30939,3023615
2025-11-20 20:30:25.025360,634.23,645.82,631.76,645.82,54145,4010087
2025-11-21 20:30:25.025360,638.99,647.71,634.01,634.8,25324,5644081
2025-11-22 20:30:25.025360,632.09,636.16,628.42,635.62,27867,9530057
2025-11-23 20:30:25.025360,618.64,622.94,613.77,618.56,5203,6381299
2025-11-24 20:30:25.025360,620.97,624.18,617.67,618.88,21544,4018439
2025-11-25 20:30:25.025360,608.94,620.59,608.94,620.59,20899,1135370
2025-11-26 20:30:25.025360,616.22,618.51,611.67,616.04,34063,1856636
2025-11-27 20:30:25.025360,609.99,614.01,608.28,608.28,95880,5642681
2025-11-28 20:30:25.025360,602.28,606.84,595.2,596.1,8748,7194868
2025-11-29 20:30:25.025360,623.11,625.17,619.47,622.58,71629,7535223
2025-11-30 20:30:25.025360,618.07,627.19,612.82,618.69,85764,1427244
2025-12-01 20:30:25.025360,625.78,634.77,623.39,626.56,25884,4555912
2025-12-02 20:30:25.025360,620.87,620.87,610.26,613.57,30183,6011002
2025-12-03 20:30:25.025360,636.73,642.51,634.03,638.39,86570,5713199
2025-12-04 20:30:25.025360,659.7,671.75,655.0,659.28,76246,3514368
2025-12-05 20:30:25.025360,665.85,679.62,665.7,671.78,24259,3089319
2025-12-06 20:30:25.025360,687.57,688.88,674.35,682.9,40959,6125819
2025-12-07 20:30:25.025360,679.95,685.71,679.52,685.29,38457,1792330
2025-12-08 20:30:25.025360,686.18,699.21,680.82,684.59,90679,5474843
2025-12-09 20:30:25.025360,697.7,698.89,692.54,695.4,7103,2742955
2025-12-10 20:30:25.025360,692.97,702.81,690.3,694.18,70901,8312203
2025-12-11 20:30:25.025360,681.41,690.19,681.41,690.19,49535,9654758
2025-12-12 20:30:25.025360,669.97,674.55,665.07,672.47,21103,3786905
2025-12-13 20:30:25.025360,660.42,669.17,659.45,659.45,95012,2845964
2025-12-14 20:30:25.025360,673.92,683.94,673.92,681.1,83278,7734714
2025-12-15 20:30:25.025360,679.94,682.79,668.73,676.97,17391,9878023
2025-12-16 20:30:25.025360,672.53,677.27,671.93,677.27,33901,4503548
2025-12-17 20:30:25.025360,678.1,688.0,672.93,675.34,86159,1646012
2025-12-18 20:30:25.025360,662.02,663.46,655.91,655.91,72914,8185115
2025-12-19 20:30:25.025360,670.08,680.03,653.17,673.52,55357,3585181
2025-12-20 20:30:25.025360,691.18,692.73,672.03,675.67,91908,8981512
2025-12-21 20:30:25.025360,688.49,692.33,683.91,686.13,43437,3269798
2025-12-22 20:30:25.025360,700.77,716.21,695.86,702.66,40503,5181726
2025-12-23 20:30:25.025360,691.32,693.21,689.14,689.14,98459,4439289
2025-12-24 20:30:25.025360,714.26,718.04,706.17,709.82,80403,7641620
2025-12-25 20:30:25.025360,706.95,709.36,703.45,709.36,46258,8685815
2025-12-26 20:30:25.025360,688.24,700.5,677.44,694.85,38724,9521267
2025-12-27 20:30:25.025360,693.1,695.06,682.21,689.03,69286,3598475
2025-12-28 20:30:25.025360,703.64,713.92,701.22,713.92,79842,1639872
2025-12-29 20:30:25.025360,714.11,714.11,697.62,706.27,19908,4855798
2025-12-30 20:30:25.025360,695.91,703.06,693.42,696.33,97617,5941412
2025-12-31 20:30:25.025360,686.62,690.86,682.02,690.37,55626,3959470
2026-01-01 20:30:25.025360,690.31,690.66,680.03,688.65,42228,1936320
2026-01-02 20:30:25.025360,667.15,673.89,665.21,665.21,28386,6010168
2026-01-03 20:30:25.025360,656.87,660.02,650.48,650.48,51754,6422569
2026-01-04 20:30:25.025360,671.92,674.74,653.76,674.74,33302,2647824
2026-01-05 20:30:25.025360,688.02,688.02,677.74,677.74,65815,4383973
2026-01-06 20:30:25.025360,686.27,686.27,680.6,680.6,89748,6810786
2026-01-07 20:30:25.025360,676.7,683.04,668.2,679.01,68344,5125903
2026-01-08 20:30:25.025360,681.32,685.29,675.02,685.29,40618,9821437
2026-01-09 20:30:25.025360,698.49,715.14,687.74,705.22,81234,5411054
2026-01-10 20:30:25.025360,708.31,723.78,707.75,710.21,66114,5314896
2026-01-11 20:30:25.025360,721.55,726.73,716.56,716.56,75130,1234000
2026-01-12 20:30:25.025360,717.26,722.78,715.46,718.82,30525,9710745
2026-01-13 20:30:25.025360,719.4,719.4,714.64,718.18,84818,8942992
2026-01-14 20:30:25.025360,724.39,726.98,709.15,719.4,19334,8144013
2026-01-15 20:30:25.025360,731.0,731.0,725.3,729.78,99715,5573957
2026-01-16 20:30:25.025360,706.57,710.28,692.24,710.28,67767,9955118
2026-01-17 20:30:25.025360,719.25,724.27,717.67,723.82,11644,1708092
2026-01-18 20:30:25.025360,717.83,717.83,705.8,714.78,37933,8724826
2026-01-19 20:30:25.025360,732.84,746.63,731.42,734.5,48469,2097996
2026-01-20 20:30:25.025360,747.91,750.28,737.43,737.43,38687,9988400
2026-01-21 20:30:25.025360,743.31,751.69,743.31,747.79,57656,5817911
2026-01-22 20:30:25.025360,757.33,757.33,752.47,756.6,22375,5858939
2026-01-23 20:30:25.025360,750.7,755.42,743.52,755.42,70206,7254597
2026-01-24 20:30:25.025360,747.09,755.45,742.27,749.63,41607,1668629
2026-01-25 20:30:25.025360,750.83,751.93,745.69,749.01,88178,2171248
2026-01-26 20:30:25.025360,752.35,767.56,738.94,763.81,28993,2383640
2026-01-27 20:30:25.025360,752.33,764.69,751.93,758.27,49386,1513953
2026-01-28 20:30:25.025360,752.05,752.05,746.56,746.56,51287,7051865
2026-01-29 20:30:25.025360,747.77,747.77,738.74,747.06,91724,7434323
2026-01-30 20:30:25.025360,756.69,757.33,753.6,753.6,98308,5563653
2026-01-31 20:30:25.025360,767.44,774.74,765.81,774.74,81312,8801402
2026-02-01 20:30:25.025360,779.53,796.41,772.2,772.2,80324,1685503
2026-02-02 20:30:25.025360,787.25,787.25,779.66,779.66,76196,9811249
2026-02-03 20:30:25.025360,777.65,782.52,760.65,781.58,75014,1337283
2026-02-04 20:30:25.025360,792.97,792.97,788.0,791.84,13210,5777421
2026-02-05 20:30:25.025360,792.38,815.18,786.54,797.62,15922,9779788
2026-02-06 20:30:25.025360,785.06,787.57,783.93,787.41,41289,6696390
2026-02-07 20:30:25.025360,757.1,769.47,757.1,757.46,38340,4699243
2026-02-08 20:30:25.025360,756.56,760.57,742.72,752.81,44850,3497934
2026-02-09 20:30:25.025360,747.12,749.73,732.08,747.64,61984,1578110
2026-02-10 20:30:25.025360,753.05,759.85,753.05,757.41,89178,5218346
2026-02-11 20:30:25.025360,770.89,791.74,770.89,774.95,16094,5602606
2026-02-12 20:30:25.025360,769.63,778.58,767.03,778.58,92959,7964203
2026-02-13 20:30:25.025360,771.72,790.87,756.9,768.44,38418,9284578
2026-02-14 20:30:25.025360,770.92,774.34,764.97,773.83,10741,5343699
2026-02-15 20:30:25.025360,769.5,775.6,768.41,775.6,77374,8153314
2026-02-16 20:30:25.025360,779.92,790.08,779.92,779.94,73798,4710879
2026-02-17 20:30:25.025360,774.03,782.33,773.34,778.87,75532,7926767
2026-02-18 20:30:25.025360,782.04,799.8,782.04,794.89,27164,3906492
2026-02-19 20:30:25.025360,782.49,794.85,782.49,794.4,40595,4534150
2026-02-20 20:30:25.025360,793.52,801.12,791.15,797.95,35257,7142314
2026-02-21 20:30:25.025360,797.66,800.42,777.39,794.0,19211,6686321
2026-02-22 20:30:25.025360,787.41,789.13,781.07,789.13,10232,2741888
2026-02-23 20:30:25.025360,796.7,804.51,796.7,800.97,72753,1122019
2026-02-24 20:30:25.025360,809.24,809.24,787.83,805.55,57691,2765317
2026-02-25 20:30:25.025360,797.34,802.94,796.01,796.01,94765,1179001
2026-02-26 20:30:25.025360,803.1,804.08,794.35,797.32,84768,9202637
2026-02-27 20:30:25.025360,806.48,806.48,795.53,795.53,30613,4245988
2026-02-28 20:30:25.025360,793.06,804.36,789.54,795.29,19026,4127022
2026-03-01 20:30:25.025360,800.3,801.51,790.74,801.51,58535,9982339
2026-03-02 20:30:25.025360,797.93,805.83,790.59,803.24,99090,8045927
2026-03-03 20:30:25.025360,797.6,812.27,786.13,797.4,35908,3416826
2026-03-04 20:30:25.025360,802.22,807.3,798.35,803.09,57113,8780047
2026-03-05 20:30:25.025360,782.71,789.52,779.2,789.52,24610,5290447
2026-03-06 20:30:25.025360,798.02,818.31,796.95,807.74,51646,1144771
2026-03-07 20:30:25.025360,799.33,808.35,794.91,800.28,68185,6214636
2026-03-08 20:30:25.025360,798.51,801.67,797.44,797.44,77567,6749593
2026-03-09 20:30:25.025360,795.31,801.03,794.04,795.99,52574,2008923
2026-03-10 20:30:25.025360,803.18,807.91,786.42,795.59,96051,2820908
2026-03-11 20:30:25.025360,804.19,805.0,794.84,805.0,41182,9499970
2026-03-12 20:30:25.025360,801.37,809.37,778.58,793.94,5570,4916533
2026-03-13 20:30:25.025360,798.49,809.66,796.11,804.87,24288,6533831
2026-03-14 20:30:25.025360,797.18,802.53,784.32,796.53,83824,5370602
2026-03-15 20:30:25.025360,797.19,807.03,794.14,797.26,34877,3680990
2026-03-16 20:30:25.025360,809.43,809.43,793.16,799.39,89425,5667592
2026-03-17 20:30:25.025360,803.75,803.75,789.7,797.19,5917,3362854
2026-03-18 20:30:25.025360,796.64,803.73,796.23,803.73,80602,8284268
2026-03-19 20:30:25.025360,800.66,807.25,793.24,807.25,69575,3409409
2026-03-20 20:30:25.025360,798.55,800.12,785.28,797.37,77518,4050999
2026-03-21 20:30:25.025360,802.34,806.9,794.04,798.27,44104,4051622
2026-03-22 20:30:25.025360,802.17,806.37,792.45,799.35,23062,1775292
2026-03-23 20:30:25.025360,804.33,804.33,791.24,802.16,21999,4927352
2026-03-24 20:30:25.025360,796.6,808.95,796.6,799.39,66845,3333647
2026-03-25 20:30:25.025360,800.42,807.95,788.53,805.55,14941,4723234
2026-03-26 20:30:25.025360,793.01,804.59,793.01,804.59,66169,7572829
2026-03-27 20:30:25.025360,794.97,815.68,794.97,795.26,28470,1189073
2026-03-28 20:30:25.025360,803.54,816.48,785.45,802.08,64821,1359281
2026-03-29 20:30:25.025360,796.2,809.54,794.45,806.08,91669,8115972
2026-03-30 20:30:25.025360,796.64,800.32,785.31,798.02,49435,5414011
2026-03-31 20:30:25.025360,799.97,809.35,790.63,798.82,9529,2085610
2026-04-01 20:30:25.025360,802.78,806.9,787.31,797.89,88055,9181932
2026-04-02 20:30:25.025360,795.76,818.42,793.76,797.97,17192,8752342
2026-04-03 20:30:25.025360,786.08,803.56,786.08,793.33,79102,4858884
2026-04-04 20:30:25.025360,796.52,807.0,788.14,794.69,77762,2059165
2026-04-05 20:30:25.025360,804.82,818.21,797.97,800.31,91795,6300101
2026-04-06 20:30:25.025360,801.37,806.05,790.28,806.05,39087,8595959
2026-04-07 20:30:25.025360,805.3,805.3,792.28,797.55,71677,4933817
2026-04-08 20:30:25.025360,795.47,809.14,795.47,797.43,9627,7932973
2026-04-09 20:30:25.025360,793.44,808.97,793.44,806.81,61541,1576515
2026-04-10 20:30:25.025360,801.85,812.79,795.57,795.57,73226,5287382
2026-04-11 20:30:25.025360,800.96,803.25,788.7,793.36,8255,3050053
2026-04-12 20:30:25.025360,801.22,801.22,790.29,796.69,62433,6021983
2026-04-13 20:30:25.025360,803.73,807.37,797.35,797.35,10213,1759401
2026-04-14 20:30:25.025360,801.69,811.28,793.01,793.01,24404,2985681
2026-04-15 20:30:25.025360,801.62,809.72,791.12,799.49,30380,3561913
2026-04-16 20:30:25.025360,802.86,803.79,790.53,803.79,96056,5067784
2026-04-17 20:30:25.025360,802.01,806.4,786.97,794.86,24173,2549317
2026-04-18 20:30:25.025360,803.43,805.12,789.82,800.35,58027,5262511
2026-04-19 20:30:25.025360,804.03,804.03,784.87,801.58,28989,7625655
2026-04-20 20:30:25.025360,806.13,809.53,796.3,799.67,29519,1888698
2026-04-21 20:30:25.025360,797.4,800.74,797.4,800.74,27439,4486142
2026-04-22 20:30:25.025360,801.92,801.92,790.83,800.79,81949,2559657
2026-04-23 20:30:25.025360,798.52,813.78,796.75,796.75,19995,9196906
2026-04-24 20:30:25.025360,796.67,805.99,796.19,805.99,28559,8697808
2026-04-25 20:30:25.025360,797.24,804.99,797.24,804.99,94049,6938271
2026-04-26 20:30:25.025360,801.98,804.76,796.73,804.76,10021,4880323
2026-04-27 20:30:25.025360,801.67,804.05,791.21,804.05,26119,1545726
2026-04-28 20:30:25.025360,801.6,806.42,793.7,793.7,56539,3680259
2026-04-29 20:30:25.025360,799.1,810.39,785.57,803.7,99835,8766824
2026-04-30 20:30:25.025360,800.01,807.85,797.16,802.62,44350,9830852
2026-05-01 20:30:25.025360,803.27,810.62,793.85,793.85,51223,8399839
2026-05-02 20:30:25.025360,794.04,805.44,794.04,799.14,30517,1490999
2026-05-03 20:30:25.025360,800.1,809.26,798.08,801.11,83653,4189189
2026-05-04 20:30:25.025360,800.36,806.66,792.77,806.66,27250,7200853
2026-05-05 20:30:25.025360,803.01,803.49,787.68,802.9,89486,8622611
2026-05-06 20:30:25.025360,794.6,802.26,788.11,796.54,87895,9796015
2026-05-07 20:30:25.025360,805.98,806.78,795.77,806.78,94132,2303306
2026-05-08 20:30:25.025360,800.85,806.25,783.69,800.18,96066,6489612
2026-05-09 20:30:25.025360,801.07,807.04,798.53,798.98,71798,9809210
2026-05-10 20:30:25.025360,798.39,804.86,790.56,798.69,59199,7567304
2026-05-11 20:30:25.025360,802.15,810.49,787.42,793.51,64546,9445243
2026-05-12 20:30:25.025360,800.19,810.02,798.0,799.56,93151,3343136
2026-05-13 20:30:25.025360,804.84,804.84,798.25,801.99,8327,6568017
2026-05-14 20:30:25.025360,794.23,802.25,790.18,798.46,34768,5422888
2026-05-15 20:30:25.025360,800.7,807.4,791.49,801.68,69418,7424342
2026-05-16 20:30:25.025360,801.63,805.13,793.01,796.54,99386,8128146
2026-05-17 20:30:25.025360,799.25,809.8,789.91,799.44,47788,2720444
2026-05-18 20:30:25.025360,798.38,804.67,793.08,801.27,87384,1085166
2026-05-19 20:30:25.025360,798.55,800.76,798.55,800.76,51830,9074308
2026-05-20 20:30:25.025360,800.7,811.64,793.58,793.58,57446,4443571
2026-05-21 20:30:25.025360,792.76,814.39,792.31,798.24,20160,1297883
2026-05-22 20:30:25.025360,803.86,806.71,785.4,806.71,61583,7850529
2026-05-23 20:30:25.025360,798.08,804.75,798.03,798.03,38998,1756079
2026-05-24 20:30:25.025360,800.51,806.83,791.13,800.06,32230,4633646
2026-05-25 20:30:25.025360,801.47,802.87,798.36,799.65,14076,2443401
2026-05-26 20:30:25.025360,797.9,806.27,781.33,806.27,74341,7770153
2026-05-27 20:30:25.025360,799.48,805.16,797.67,805.16,36085,4011165
2026-05-28 20:30:25.025360,791.86,804.76,791.86,803.23,60571,2186430
2026-05-29 20:30:25.025360,802.93,810.25,784.31,796.11,19715,5155304
2026-05-30 20:30:25.025360,804.32,813.9,790.98,801.44,10750,7915096
2026-05-31 20:30:25.025360,793.2,815.58,793.2,802.27,83768,7710605
2026-06-01 20:30:25.025360,798.37,804.64,789.79,797.21,40903,4809395
2026-06-02 20:30:25.025360,795.08,801.18,795.08,796.52,77489,3659786
2026-06-03 20:30:25.025360,799.29,806.82,795.46,806.82,37093,2160714
2026-06-04 20:30:25.025360,802.59,802.65,787.8,798.8,96036,9701524
2026-06-05 20:30:25.025360,803.95,806.46,798.07,806.46,92954,9737452
2026-06-06 20:30:25.025360,804.49,804.49,797.87,803.99,39314,5322751
2026-06-07 20:30:25.025360,805.24,810.72,785.85,801.63,53225,6248575
2026-06-08 20:30:25.025360,799.11,807.3,797.11,801.81,92985,2612033
2026-06-09 20:30:25.025360,795.41,802.43,794.4,794.4,88014,3931531
2026-06-10 20:30:25.025360,799.54,802.13,794.68,800.83,40179,4324024
2026-06-11 20:30:25.025360,802.53,806.7,793.01,805.67,30338,8123753
2026-06-12 20:30:25.025360,795.09,806.51,795.09,802.73,97435,5875217
2026-06-13 20:30:25.025360,806.64,809.71,790.62,800.62,74681,2414474
2026-06-14 20:30:25.025360,803.59,806.85,799.89,806.85,37101,9741647
2026-06-15 20:30:25.025360,799.17,807.11,796.88,799.26,7775,9050418
2026-06-16 20:30:25.025360,797.16,805.88,797.16,797.52,50619,6620724
2026-06-17 20:30:25.025360,797.32,808.31,791.63,800.62,50838,3957498
2026-06-18 20:30:25.025360,800.3,804.02,788.42,803.07,24539,6244761
2026-06-19 20:30:25.025360,799.08,802.61,793.13,793.13,62124,7199951
2026-06-20 20:30:25.025360,803.8,803.8,794.88,801.14,70149,2569720
2026-06-21 20:30:25.025360,798.63,803.24,794.2,803.24,31616,6181930
2026-06-22 20:30:25.025360,802.02,802.02,798.08,798.92,84655,8496110
2026-06-23 20:30:25.025360,799.88,806.5,780.64,804.43,95695,8643374
2026-06-24 20:30:25.025360,801.08,804.62,778.27,802.56,59567,6134639
2026-06-25 20:30:25.025360,799.08,808.57,797.84,808.57,42099,4571387
2026-06-26 20:30:25.025360,802.83,811.94,790.45,797.0,80831,5914150
2026-06-27 20:30:25.025360,802.89,803.96,797.3,803.32,66799,6282433
2026-06-28 20:30:25.025360,801.84,805.79,795.93,795.93,95221,8738170
2026-06-29 20:30:25.025360,802.43,818.4,788.06,793.54,30479,1909210
2026-06-30 20:30:25.025360,796.22,808.6,790.67,791.86,51172,9421374
2026-07-01 20:30:25.025360,801.29,815.19,798.36,802.15,60863,7240327
2026-07-02 20:30:25.025360,805.0,805.0,798.92,800.74,47043,9158470
2026-07-03 20:30:25.025360,801.97,814.49,791.97,798.08,87569,7289270
2026-07-04 20:30:25.025360,795.88,804.99,781.33,792.91,20408,2460235
2026-07-05 20:30:25.025360,799.8,802.63,797.24,797.24,62980,2458316
2026-07-06 20:30:25.025360,801.5,807.2,784.34,800.02,87956,2427197
2026-07-07 20:30:25.025360,796.97,804.98,796.97,803.17,21351,5128784
2026-07-08 20:30:25.025360,794.57,803.82,792.38,799.93,9131,8139580
2026-07-09 20:30:25.025360,798.74,802.0,791.19,801.01,49825,5932048
2026-07-10 20:30:25.025360,797.04,800.16,796.72,798.5,16349,7768419
2026-07-11 20:30:25.025360,799.94,807.0,794.02,807.0,65931,4861460
2026-07-12 20:30:25.025360,793.63,807.41,790.84,795.93,49254,8102983
2026-07-13 20:30:25.025360,802.26,810.3,795.75,797.2,43225,4053380
2026-07-14 20:30:25.025360,797.46,803.38,792.85,798.03,17453,1311385
2026-07-15 20:30:25.025360,803.98,803.98,794.53,802.17,23814,7918863
2026-07-16 20:30:25.025360,798.89,811.2,795.72,795.84,23263,8916323
2026-07-17 20:30:25.025360,799.9,805.76,793.15,800.54,82694,4607323
2026-07-18 20:30:25.025360,799.31,811.57,795.88,800.66,20735,7514524
2026-07-19 20:30:25.025360,797.25,804.12,794.27,797.22,20830,7257838
2026-07-20 20:30:25.025360,809.89,809.89,796.63,801.32,52893,7415261
2026-07-21 20:30:25.025360,798.02,802.22,795.25,795.97,49673,1809359
2026-07-22 20:30:25.025360,804.09,811.64,794.42,795.53,94462,3201580
2026-07-23 20:30:25.025360,795.63,811.6,790.54,800.4,50066,2494139
2026-07-24 20:30:25.025360,801.49,808.85,793.36,793.36,8373,6473660
2026-07-25 20:30:25.025360,801.92,803.63,791.42,791.42,15335,4009828
2026-07-26 20:30:25.025360,799.9,806.56,793.86,802.13,28741,5152092
2026-07-27 20:30:25.025360,797.72,806.54,797.72,804.2,15692,1069518
2026-07-28 20:30:25.025360,798.95,816.75,793.44,798.13,52295,1176355
2026-07-29 20:30:25.025360,798.39,804.71,797.33,797.33,50541,9508851
2026-07-30 20:30:25.025360,809.61,809.61,786.88,804.02,39057,6201682
2026-07-31 20:30:25.025360,799.91,813.59,786.94,795.42,71983,7042060
2026-08-01 20:30:25.025360,802.1,811.66,794.55,794.55,24583,8230057
2026-08-02 20:30:25.025360,807.13,813.45,795.61,802.83,27765,7687764
2026-08-03 20:30:25.025360,796.49,806.01,796.49,800.04,64287,4199039
2026-08-04 20:30:25.025360,800.15,809.33,798.92,804.26,28906,3776374
2026-08-05 20:30:25.025360,798.92,804.58,791.44,791.44,90103,7683635
2026-08-06 20:30:25.025360,799.66,801.45,794.4,794.4,84675,3318620
2026-08-07 20:30:25.025360,799.28,806.69,796.29,800.06,51525,4487379
2026-08-08 20:30:25.025360,797.07,817.71,797.07,801.67,43230,8300259
2026-08-09 20:30:25.025360,800.78,803.39,788.36,803.39,24520,7295425
2026-08-10 20:30:25.025360,795.75,801.01,795.75,800.7,90238,3429151
2026-08-11 20:30:25.025360,803.96,805.5,798.57,800.66,56934,1041743
2026-08-12 20:30:25.025360,802.49,814.89,798.44,798.44,30566,9559556
2026-08-13 20:30:25.025360,798.03,815.09,798.03,806.36,78193,6521452
2026-08-14 20:30:25.025360,798.22,813.05,794.32,795.59,35134,7850322
2026-08-15 20:30:25.025360,801.1,807.65,792.02,801.44,15345,8950806
2026-08-16 20:30:25.025360,796.81,805.0,793.89,796.05,46185,9890401
2026-08-17 20:30:25.025360,807.25,807.25,793.02,802.14,97949,9714892
2026-08-18 20:30:25.025360,801.43,801.43,794.96,795.85,75744,2830314
2026-08-19 20:30:25.025360,801.57,810.5,798.76,802.98,38455,4777341
2026-08-20 20:30:25.025360,802.73,808.93,794.39,800.45,33018,9657116
2026-08-21 20:30:25.025360,797.68,806.98,797.68,806.98,59219,5585315
2026-08-22 20:30:25.025360,804.36,807.58,794.93,798.88,50991,6898931
2026-08-23 20:30:25.025360,800.46,805.46,787.67,801.7,78616,5976563
2026-08-24 20:30:25.025360,803.8,822.19,796.88,796.88,92438,2770403
2026-08-25 20:30:25.025360,799.21,806.41,798.85,798.85,14486,5371272
2026-08-26 20:30:25.025360,805.27,805.27,799.81,800.42,43862,8568370
2026-08-27 20:30:25.025360,801.61,807.09,786.78,793.89,63870,5929426
2026-08-28 20:30:25.025360,808.73,808.73,790.38,794.33,91694,1506995
